State,Month,Unemployment,Unemployment_Change,COVID-19_Deaths,State_Population,Covid_Deaths_per_100k
Alabama,1,2.7,0,0,"5,024,279",0
Alaska,1,6,0,0,"733,391",0
Arizona,1,4.5,0,0,"7,151,502",0
Arkansas,1,3.5,0,0,"3,011,524",0
California,1,3.9,0,0,"39,538,223",0
Colorado,1,2.5,0,0,"5,773,714",0
Connecticut,1,3.7,0,0,"3,605,944",0
Delaware,1,4,0,0,"989,948",0
Florida,1,2.8,0,0,"21,538,187",0
Georgia,1,3.1,0,0,"10,711,908",0
Hawaii,1,2.7,0,0,"1,455,271",0
Idaho,1,2.8,0,0,"1,839,106",0
Illinois,1,3.5,0,0,"12,812,508",0
Indiana,1,3.1,0,0,"6,785,528",0
Iowa,1,2.8,0,0,"3,190,369",0
Kansas,1,3.1,0,0,"2,937,880",0
Kentucky,1,4.3,0,0,"4,505,836",0
Louisiana,1,5.1,0,0,"4,657,757",0
Maine,1,3.1,0,0,"1,362,359",0
Maryland,1,3.3,0,0,"6,177,224",0
Massachusetts,1,2.8,0,0,"7,029,917",0
Michigan,1,3.8,0,0,"10,077,331",0
Minnesota,1,3.2,0,0,"5,706,494",0
Mississippi,1,5.5,0,0,"2,961,279",0
Missouri,1,3.5,0,0,"6,154,913",0
Montana,1,3.5,0,0,"1,084,225",0
Nebraska,1,3.9,0,0,"1,961,504",0
Nevada,1,3.6,0,0,"3,104,614",0
New Hampshire,1,2.6,0,0,"1,377,529",0
New Jersey,1,3.8,0,0,"9,288,994",0
New Mexico,1,4.8,0,0,"2,117,522",0
New York,1,3.8,0,0,"20,201,249",0
North Carolina,1,3.6,0,0,"10,439,388",0
North Dakota,1,2.3,0,0,"779,094",0
Ohio,1,4.1,0,0,"11,799,448",0
Oklahoma,1,3.3,0,0,"3,959,353",0
Oregon,1,3.3,0,0,"4,237,256",0
Pennsylvania,1,4.7,0,0,"13,002,700",0
Rhode Island,1,3.1,0,0,"1,097,379",0
South Carolina,1,2.4,0,0,"5,118,425",0
South Dakota,1,3.4,0,0,"886,667",0
Tennessee,1,3.3,0,0,"6,910,840",0
Texas,1,4.5,0,0,"29,145,505",0
Utah,1,2.5,0,0,"3,271,616",0
Vermont,1,2.4,0,0,"643,077",0
Virginia,1,2.7,0,0,"8,631,393",0
Washington,1,3.9,0,0,"7,705,281",0
West Virginia,1,5,0,0,"1,793,716",0
Wisconsin,1,3.5,0,0,"5,893,718",0
Wyoming,1,3.7,0,0,"576,851",0
Alabama,2,2.7,0,0,"5,024,279",0
Alaska,2,5.8,-0.2,0,"733,391",0
Arizona,2,4.5,0,0,"7,151,502",0
Arkansas,2,3.9,0.4,0,"3,011,524",0
California,2,2.5,-1.4,0,"39,538,223",0
Colorado,2,2.8,0.3,0,"5,773,714",0
Connecticut,2,3.9,0.2,0,"3,605,944",0
Delaware,2,5.2,1.2,0,"989,948",0
Florida,2,3.1,0.3,0,"21,538,187",0
Georgia,2,2.7,-0.4,0,"10,711,908",0
Hawaii,2,2.7,0,0,"1,455,271",0
Idaho,2,3.4,0.6,0,"1,839,106",0
Illinois,2,3.1,-0.4,0,"12,812,508",0
Indiana,2,2.8,-0.3,0,"6,785,528",0
Iowa,2,3.1,0.3,0,"3,190,369",0
Kansas,2,4.2,1.1,0,"2,937,880",0
Kentucky,2,5.2,0.9,0,"4,505,836",0
Louisiana,2,3.2,-1.9,0,"4,657,757",0
Maine,2,3.3,0.2,0,"1,362,359",0
Maryland,2,2.8,-0.5,0,"6,177,224",0
Massachusetts,2,3.6,0.8,0,"7,029,917",0
Michigan,2,3.1,-0.7,0,"10,077,331",0
Minnesota,2,5.4,2.2,0,"5,706,494",0
Mississippi,2,3.5,-2,0,"2,961,279",0
Missouri,2,3.5,0,0,"6,154,913",0
Montana,2,2.9,-0.6,0,"1,084,225",0
Nebraska,2,3.6,-0.3,0,"1,961,504",0
Nevada,2,3.6,0,0,"3,104,614",0
New Hampshire,2,3.8,1.2,0,"1,377,529",0
New Jersey,2,4.8,1,0,"9,288,994",0
New Mexico,2,3.7,-1.1,0,"2,117,522",0
New York,2,3.6,-0.2,0,"20,201,249",0
North Carolina,2,2.2,-1.4,0,"10,439,388",0
North Dakota,2,4.2,1.9,0,"779,094",0
Ohio,2,3.2,-0.9,0,"11,799,448",0
Oklahoma,2,3.3,0,0,"3,959,353",0
Oregon,2,4.7,1.4,0,"4,237,256",0
Pennsylvania,2,3.4,-1.3,0,"13,002,700",0
Rhode Island,2,2.5,-0.6,0,"1,097,379",0
South Carolina,2,3.3,0.9,0,"5,118,425",0
South Dakota,2,3.4,0,0,"886,667",0
Tennessee,2,3.5,0.2,0,"6,910,840",0
Texas,2,2.5,-2,0,"29,145,505",0
Utah,2,3.4,0.9,0,"3,271,616",0
Vermont,2,2.6,0.2,0,"643,077",0
Virginia,2,3.8,1.1,0,"8,631,393",0
Washington,2,4.9,1,0,"7,705,281",0
West Virginia,2,3.7,-1.3,0,"1,793,716",0
Wisconsin,2,2.7,-0.8,0,"5,893,718",0
Wyoming,2,5.8,2.1,0,"576,851",0
Alabama,3,3.5,0.8,48,"5,024,279",0.955360958
Alaska,3,5.6,-0.2,0,"733,391",0
Arizona,3,5.5,1,63,"7,151,502",0.880933823
Arkansas,3,4.8,0.9,10,"3,011,524",0.332057789
California,3,5.3,2.8,277,"39,538,223",0.700587884
Colorado,3,4.5,1.7,105,"5,773,714",1.818586788
Connecticut,3,3.7,-0.2,125,"3,605,944",3.466498648
Delaware,3,5.1,-0.1,0,"989,948",0
Florida,3,4.3,1.2,190,"21,538,187",0.882154101
Georgia,3,4.2,1.5,217,"10,711,908",2.025782895
Hawaii,3,2.6,-0.1,0,"1,455,271",0
Idaho,3,2.6,-0.8,10,"1,839,106",0.543742449
Illinois,3,4.6,1.5,193,"12,812,508",1.506340523
Indiana,3,3.2,0.4,125,"6,785,528",1.842155835
Iowa,3,3.7,0.6,10,"3,190,369",0.313443367
Kansas,3,3.1,-1.1,14,"2,937,880",0.476534099
Kentucky,3,5.8,0.6,28,"4,505,836",0.621416314
Louisiana,3,6.1,2.9,394,"4,657,757",8.4590072
Maine,3,3.2,-0.1,0,"1,362,359",0
Maryland,3,3.3,0.5,47,"6,177,224",0.760859571
Massachusetts,3,2.9,-0.7,126,"7,029,917",1.792339796
Michigan,3,4.1,1,493,"10,077,331",4.892168373
Minnesota,3,3.1,-2.3,21,"5,706,494",0.368001789
Mississippi,3,5.3,1.8,33,"2,961,279",1.114383346
Missouri,3,4.5,1,32,"6,154,913",0.519909867
Montana,3,3.5,0.6,0,"1,084,225",0
Nebraska,3,4.2,0.6,0,"1,961,504",0
Nevada,3,6.3,2.7,35,"3,104,614",1.127354318
New Hampshire,3,2.6,-1.2,0,"1,377,529",0
New Jersey,3,3.8,-1,682,"9,288,994",7.342022182
New Mexico,3,5.9,2.2,0,"2,117,522",0
New York,3,4.5,0.9,2176,"20,201,249",10.7716112
North Carolina,3,4.4,2.2,23,"10,439,388",0.220319429
North Dakota,3,2.2,-2,0,"779,094",0
Ohio,3,5.5,2.3,97,"11,799,448",0.822072355
Oklahoma,3,3.1,-0.2,39,"3,959,353",0.985009419
Oregon,3,3.3,-1.4,27,"4,237,256",0.637204833
Pennsylvania,3,6,2.6,103,"13,002,700",0.79214317
Rhode Island,3,4.6,2.1,0,"1,097,379",0
South Carolina,3,2.6,-0.7,34,"5,118,425",0.66426684
South Dakota,3,3.3,-0.1,0,"886,667",0
Tennessee,3,3.5,0,35,"6,910,840",0.506450735
Texas,3,4.7,2.2,98,"29,145,505",0.336243959
Utah,3,3.6,0.2,0,"3,271,616",0
Vermont,3,3.2,0.6,16,"643,077",2.48803798
Virginia,3,3.3,-0.5,62,"8,631,393",0.718308157
Washington,3,5.1,0.2,280,"7,705,281",3.633871367
West Virginia,3,6.1,2.4,0,"1,793,716",0
Wisconsin,3,3.4,0.7,44,"5,893,718",0.746557606
Wyoming,3,3.7,-2.1,0,"576,851",0
Alabama,4,12.9,9.4,337,"5,024,279",6.707430061
Alaska,4,12.9,7.3,0,"733,391",0
Arizona,4,12.6,7.1,404,"7,151,502",5.649162931
Arkansas,4,10.2,5.4,61,"3,011,524",2.025552511
California,4,15.5,10.2,2013,"39,538,223",5.091275852
Colorado,4,11.3,6.8,880,"5,773,714",15.24148927
Connecticut,4,7.9,4.2,2436,"3,605,944",67.55512565
Delaware,4,14.3,9.2,184,"989,948",18.58683486
Florida,4,12.9,8.6,1309,"21,538,187",6.077577467
Georgia,4,11.9,7.7,1075,"10,711,908",10.03556042
Hawaii,4,22.3,19.7,16,"1,455,271",1.09945158
Idaho,4,11.5,8.9,55,"1,839,106",2.990583468
Illinois,4,16.4,11.8,2447,"12,812,508",19.09852466
Indiana,4,16.9,13.7,1132,"6,785,528",16.68256324
Iowa,4,10.2,6.5,171,"3,190,369",5.359881569
Kansas,4,11.2,8.1,127,"2,937,880",4.322845045
Kentucky,4,15.4,9.6,246,"4,505,836",5.45958619
Louisiana,4,14.5,8.4,1625,"4,657,757",34.88803731
Maine,4,10.6,7.4,51,"1,362,359",3.743506667
Maryland,4,9.9,6.6,1280,"6,177,224",20.72128192
Massachusetts,4,15.1,12.2,3926,"7,029,917",55.84703205
Michigan,4,22.7,18.6,3617,"10,077,331",35.89244017
Minnesota,4,8.1,5,396,"5,706,494",6.939462304
Mississippi,4,15.4,10.1,299,"2,961,279",10.0969885
Missouri,4,9.7,5.2,456,"6,154,913",7.408715607
Montana,4,11.3,7.8,11,"1,084,225",1.014549563
Nebraska,4,8.2,4,76,"1,961,504",3.874577875
Nevada,4,28.3,22,228,"3,104,614",7.343908132
New Hampshire,4,16.3,13.7,83,"1,377,529",6.0252815
New Jersey,4,15.3,11.5,8936,"9,288,994",96.19986836
New Mexico,4,11.3,5.4,160,"2,117,522",7.556001779
New York,4,14.5,10,14898,"20,201,249",73.74791529
North Carolina,4,12.2,7.8,450,"10,439,388",4.310597518
North Dakota,4,8.5,6.3,26,"779,094",3.337209631
Ohio,4,16.8,11.3,1050,"11,799,448",8.898721364
Oklahoma,4,13.7,10.6,208,"3,959,353",5.25338357
Oregon,4,14.2,10.9,105,"4,237,256",2.478018793
Pennsylvania,4,15.1,9.1,3497,"13,002,700",26.89441424
Rhode Island,4,17,12.4,352,"1,097,379",32.07642938
South Carolina,4,12.1,9.5,236,"5,118,425",4.610793359
South Dakota,4,10.2,6.9,21,"886,667",2.368420162
Tennessee,4,14.7,11.2,184,"6,910,840",2.662483866
Texas,4,12.8,8.1,928,"29,145,505",3.184024432
Utah,4,9.7,6.1,44,"3,271,616",1.344901113
Vermont,4,15.6,12.4,38,"643,077",5.909090202
Virginia,4,10.6,7.3,751,"8,631,393",8.700797195
Washington,4,15.4,10.3,544,"7,705,281",7.060092941
West Virginia,4,15.2,9.1,49,"1,793,716",2.731759097
Wisconsin,4,14.1,10.7,311,"5,893,718",5.276804896
Wyoming,4,9.2,5.5,5,"576,851",0.866774956
Alabama,5,9.6,-3.3,425,"5,024,279",8.458925151
Alaska,5,12.7,-0.2,0,"733,391",0
Arizona,5,9,-3.6,505,"7,151,502",7.061453664
Arkansas,5,9.6,-0.6,78,"3,011,524",2.590050752
California,5,16.4,0.9,2233,"39,538,223",5.647699443
Colorado,5,10.2,-1.1,465,"5,773,714",8.053741491
Connecticut,5,9.6,1.7,1531,"3,605,944",42.45767544
Delaware,5,15.9,1.6,265,"989,948",26.76908282
Florida,5,13.7,0.8,1131,"21,538,187",5.251138362
Georgia,5,9.4,-2.5,796,"10,711,908",7.430982417
Hawaii,5,23.5,1.2,0,"1,455,271",0
Idaho,5,9,-2.5,22,"1,839,106",1.196233387
Illinois,5,15.3,-1.1,2820,"12,812,508",22.00974235
Indiana,5,12.3,-4.6,956,"6,785,528",14.08880783
Iowa,5,10.2,0,416,"3,190,369",13.03924405
Kansas,5,10,-1.2,101,"2,937,880",3.437853146
Kentucky,5,10.9,-4.5,224,"4,505,836",4.971330514
Louisiana,5,14.2,-0.3,740,"4,657,757",15.88747545
Maine,5,9.4,-1.2,43,"1,362,359",3.156289935
Maryland,5,10,0.1,1540,"6,177,224",24.93029231
Massachusetts,5,16.6,1.5,3039,"7,029,917",43.22952888
Michigan,5,21.3,-1.4,1291,"10,077,331",12.81093178
Minnesota,5,9.9,1.8,703,"5,706,494",12.31929798
Mississippi,5,10.5,-4.9,454,"2,961,279",15.3312133
Missouri,5,10.1,0.4,403,"6,154,913",6.547614889
Montana,5,9,-2.3,0,"1,084,225",0
Nebraska,5,5.3,-2.9,111,"1,961,504",5.658922949
Nevada,5,25.3,-3,162,"3,104,614",5.218039988
New Hampshire,5,15.4,-0.9,179,"1,377,529",12.99428179
New Jersey,5,15.4,0.1,3354,"9,288,994",36.10724692
New Mexico,5,9.1,-2.2,262,"2,117,522",12.37295291
New York,5,14.5,0,2846,"20,201,249",14.08823781
North Carolina,5,12.8,0.6,540,"10,439,388",5.172717021
North Dakota,5,9.1,0.6,53,"779,094",6.802773478
Ohio,5,13.9,-2.9,1140,"11,799,448",9.661468909
Oklahoma,5,12.6,-1.1,115,"3,959,353",2.904514955
Oregon,5,14.3,0.1,59,"4,237,256",1.39241056
Pennsylvania,5,13.4,-1.7,2709,"13,002,700",20.83413445
Rhode Island,5,16.4,-0.6,467,"1,097,379",42.55594466
South Carolina,5,12.4,0.3,290,"5,118,425",5.665805399
South Dakota,5,9.4,-0.8,44,"886,667",4.962404149
Tennessee,5,11,-3.7,202,"6,910,840",2.922944244
Texas,5,13,0.2,963,"29,145,505",3.30411156
Utah,5,8.6,-1.1,70,"3,271,616",2.139615407
Vermont,5,12.8,-2.8,0,"643,077",0
Virginia,5,9,-1.6,850,"8,631,393",9.847773123
Washington,5,15.1,-0.3,273,"7,705,281",3.543024583
West Virginia,5,12.9,-2.3,38,"1,793,716",2.118507055
Wisconsin,5,12.1,-2,287,"5,893,718",4.869591657
Wyoming,5,8.8,-0.4,5,"576,851",0.866774956
Alabama,6,7.5,-2.1,397,"5,024,279",7.901631259
Alaska,6,12.4,-0.3,0,"733,391",0
Arizona,6,10,1,898,"7,151,502",12.55680275
Arkansas,6,8,-1.6,169,"3,011,524",5.611776629
California,6,14.9,-1.5,2054,"39,538,223",5.194972976
Colorado,6,10.5,0.3,184,"5,773,714",3.186856848
Connecticut,6,9.8,0.2,282,"3,605,944",7.820420949
Delaware,6,12.5,-3.4,61,"989,948",6.161939819
Florida,6,10.4,-3.3,1081,"21,538,187",5.018992546
Georgia,6,7.6,-1.8,512,"10,711,908",4.779727384
Hawaii,6,13.9,-9.6,0,"1,455,271",0
Idaho,6,5.6,-3.4,11,"1,839,106",0.598116694
Illinois,6,14.6,-0.7,1157,"12,812,508",9.030238264
Indiana,6,11.2,-1.1,459,"6,785,528",6.764396227
Iowa,6,8,-2.2,158,"3,190,369",4.952405192
Kansas,6,7.5,-2.5,66,"2,937,880",2.246517897
Kentucky,6,4.3,-6.6,155,"4,505,836",3.439983168
Louisiana,6,9.7,-4.5,360,"4,657,757",7.729042112
Maine,6,6.6,-2.8,14,"1,362,359",1.027629281
Maryland,6,8,-2,673,"6,177,224",10.89486151
Massachusetts,6,17.4,0.8,634,"7,029,917",9.018598655
Michigan,6,14.8,-6.5,295,"10,077,331",2.927362414
Minnesota,6,8.6,-1.3,370,"5,706,494",6.483841041
Mississippi,6,8.7,-1.8,319,"2,961,279",10.77237234
Missouri,6,7.9,-2.2,195,"6,154,913",3.168200753
Montana,6,7.1,-1.9,0,"1,084,225",0
Nebraska,6,6.7,1.4,92,"1,961,504",4.69027848
Nevada,6,15,-10.3,91,"3,104,614",2.931121228
New Hampshire,6,11.8,-3.6,100,"1,377,529",7.259375302
New Jersey,6,16.6,1.2,834,"9,288,994",8.978367302
New Mexico,6,8.3,-0.8,126,"2,117,522",5.950351401
New York,6,15.7,1.2,488,"20,201,249",2.415692218
North Carolina,6,7.6,-5.2,470,"10,439,388",4.50217963
North Dakota,6,6.1,-3,20,"779,094",2.567084331
Ohio,6,10.9,-3,551,"11,799,448",4.669709973
Oklahoma,6,6.6,-6,72,"3,959,353",1.818478928
Oregon,6,11.2,-3.1,60,"4,237,256",1.416010739
Pennsylvania,6,13,-0.4,827,"13,002,700",6.360217493
Rhode Island,6,12.4,-4,148,"1,097,379",13.48668054
South Carolina,6,8.7,-3.7,292,"5,118,425",5.704879919
South Dakota,6,7.2,-2.2,40,"886,667",4.5112765
Tennessee,6,9.7,-1.3,213,"6,910,840",3.082114475
Texas,6,8.6,-4.4,1430,"29,145,505",4.906416959
Utah,6,5.1,-3.5,68,"3,271,616",2.078483538
Vermont,6,9.4,-3.4,0,"643,077",0
Virginia,6,8.4,-0.6,393,"8,631,393",4.553146867
Washington,6,9.8,-5.3,157,"7,705,281",2.037563588
West Virginia,6,10.4,-2.5,13,"1,793,716",0.724752413
Wisconsin,6,8.5,-3.6,162,"5,893,718",2.748689367
Wyoming,6,7.6,-1.2,5,"576,851",0.866774956
Alabama,7,7.9,0.4,870,"5,024,279",17.31591737
Alaska,7,11.6,-0.8,12,"733,391",1.636234969
Arizona,7,10.6,0.6,2096,"7,151,502",29.30852847
Arkansas,7,7.1,-0.9,273,"3,011,524",9.065177631
California,7,13.3,-1.6,3873,"39,538,223",9.795584389
Colorado,7,7.4,-3.1,152,"5,773,714",2.632620875
Connecticut,7,10.2,0.4,77,"3,605,944",2.135363167
Delaware,7,10.4,-2.1,25,"989,948",2.525385172
Florida,7,11.3,0.9,4973,"21,538,187",23.08922288
Georgia,7,7.6,0,1322,"10,711,908",12.34140547
Hawaii,7,13.1,-0.8,0,"1,455,271",0
Idaho,7,5,-0.6,129,"1,839,106",7.014277589
Illinois,7,11.3,-3.3,442,"12,812,508",3.449753944
Indiana,7,7.8,-3.4,330,"6,785,528",4.863291405
Iowa,7,6.6,-1.4,175,"3,190,369",5.485258915
Kansas,7,7.2,-0.3,115,"2,937,880",3.914387245
Kentucky,7,5.7,1.4,182,"4,505,836",4.039206043
Louisiana,7,9.4,-0.3,763,"4,657,757",16.38127536
Maine,7,9.9,3.3,24,"1,362,359",1.761650196
Maryland,7,7.6,-0.4,319,"6,177,224",5.164131979
Massachusetts,7,16.1,-1.3,195,"7,029,917",2.773859208
Michigan,7,8.7,-6.1,187,"10,077,331",1.855650072
Minnesota,7,7.7,-0.9,154,"5,706,494",2.698679785
Mississippi,7,10.8,2.1,668,"2,961,279",22.55782046
Missouri,7,6.9,-1,267,"6,154,913",4.337997954
Montana,7,6.4,-0.7,44,"1,084,225",4.058198252
Nebraska,7,4.8,-1.9,48,"1,961,504",2.447101816
Nevada,7,14,-1,366,"3,104,614",11.78890516
New Hampshire,7,8.1,-3.7,33,"1,377,529",2.39559385
New Jersey,7,13.9,-2.7,327,"9,288,994",3.520295093
New Mexico,7,12.7,4.4,163,"2,117,522",7.697676813
New York,7,15.9,0.2,194,"20,201,249",0.96033666
North Carolina,7,8.5,0.9,697,"10,439,388",6.6766366
North Dakota,7,6.6,0.5,30,"779,094",3.850626497
Ohio,7,8.9,-2,674,"11,799,448",5.712131618
Oklahoma,7,7.1,0.5,229,"3,959,353",5.783773258
Oregon,7,10.4,-0.8,102,"4,237,256",2.407218256
Pennsylvania,7,13.7,0.7,498,"13,002,700",3.829973775
Rhode Island,7,11.2,-1.2,40,"1,097,379",3.645048794
South Carolina,7,8.6,-0.1,1030,"5,118,425",20.1233778
South Dakota,7,6.3,-0.9,50,"886,667",5.639095624
Tennessee,7,9.5,-0.2,581,"6,910,840",8.407082207
Texas,7,8,-0.6,6955,"29,145,505",23.86302794
Utah,7,4.5,-0.6,145,"3,271,616",4.432060486
Vermont,7,8.3,-1.1,0,"643,077",0
Virginia,7,8,-0.4,369,"8,631,393",4.275092097
Washington,7,10.3,0.5,291,"7,705,281",3.776630599
West Virginia,7,9.9,-0.5,34,"1,793,716",1.895506312
Wisconsin,7,7,-1.5,164,"5,893,718",2.782623804
Wyoming,7,7.1,-0.5,5,"576,851",0.866774956
Alabama,8,5.6,-2.3,958,"5,024,279",19.06741246
Alaska,8,7.4,-4.2,19,"733,391",2.590705367
Arizona,8,5.9,-4.7,941,"7,151,502",13.15807504
Arkansas,8,7.4,0.3,409,"3,011,524",13.58116356
California,8,11.4,-1.9,3736,"39,538,223",9.449084244
Colorado,8,6.7,-0.7,121,"5,773,714",2.095704775
Connecticut,8,8.1,-2.1,31,"3,605,944",0.859691665
Delaware,8,8.9,-1.5,18,"989,948",1.818277324
Florida,8,7.4,-3.9,4772,"21,538,187",22.1559967
Georgia,8,5.6,-2,1791,"10,711,908",16.71971044
Hawaii,8,12.5,-0.6,74,"1,455,271",5.084963557
Idaho,8,4.2,-0.8,179,"1,839,106",9.732989833
Illinois,8,11,-0.3,486,"12,812,508",3.793168363
Indiana,8,6.4,-1.4,384,"6,785,528",5.659102726
Iowa,8,6,-0.6,273,"3,190,369",8.557003908
Kansas,8,6.9,-0.3,184,"2,937,880",6.263019592
Kentucky,8,7.6,1.9,303,"4,505,836",6.724612258
Louisiana,8,7.6,-1.8,882,"4,657,757",18.93615317
Maine,8,6.9,-3,10,"1,362,359",0.734020915
Maryland,8,6,-1.6,274,"6,177,224",4.435649411
Massachusetts,8,11.3,-4.8,117,"7,029,917",1.664315525
Michigan,8,8.7,0,242,"10,077,331",2.401429505
Minnesota,8,7.4,-0.3,213,"5,706,494",3.732589573
Mississippi,8,7.9,-2.9,795,"2,961,279",26.84650788
Missouri,8,7,0.1,477,"6,154,913",7.749906457
Montana,8,5.6,-0.8,49,"1,084,225",4.519357145
Nebraska,8,4,-0.8,101,"1,961,504",5.149110071
Nevada,8,13.2,-0.8,474,"3,104,614",15.26759848
New Hampshire,8,6.5,-1.6,14,"1,377,529",1.016312542
New Jersey,8,10.9,-3,168,"9,288,994",1.808591975
New Mexico,8,11.3,-1.4,97,"2,117,522",4.580826079
New York,8,12.5,-3.4,105,"20,201,249",0.519769842
North Carolina,8,6.5,-2,900,"10,439,388",8.621195036
North Dakota,8,5,-1.6,42,"779,094",5.390877096
Ohio,8,8.9,0,776,"11,799,448",6.576578837
Oklahoma,8,5.7,-1.4,349,"3,959,353",8.814571472
Oregon,8,7.7,-2.7,129,"4,237,256",3.044423089
Pennsylvania,8,10.3,-3.4,505,"13,002,700",3.883808747
Rhode Island,8,12.8,1.6,45,"1,097,379",4.100679893
South Carolina,8,6.3,-2.3,1006,"5,118,425",19.65448356
South Dakota,8,4.8,-1.5,49,"886,667",5.526313712
Tennessee,8,8.5,-1,738,"6,910,840",10.67887551
Texas,8,6.8,-1.2,5132,"29,145,505",17.60820408
Utah,8,4.1,-0.4,95,"3,271,616",2.903763767
Vermont,8,4.8,-3.5,0,"643,077",0
Virginia,8,6.1,-1.9,472,"8,631,393",5.468410487
Washington,8,8.5,-1.8,287,"7,705,281",3.724718151
West Virginia,8,8.9,-1,109,"1,793,716",6.076770236
Wisconsin,8,6.2,-0.8,199,"5,893,718",3.376476445
Wyoming,8,6.6,-0.5,5,"576,851",0.866774956
Alabama,9,6.6,1,562,"5,024,279",11.18568455
Alaska,9,7.2,-0.2,12,"733,391",1.636234969
Arizona,9,6.7,0.8,271,"7,151,502",3.789413748
Arkansas,9,7.3,-0.1,420,"3,011,524",13.94642712
California,9,11,-0.4,2064,"39,538,223",5.220264957
Colorado,9,6.4,-0.3,117,"5,773,714",2.026425278
Connecticut,9,7.8,-0.3,43,"3,605,944",1.192475535
Delaware,9,8.2,-0.7,23,"989,948",2.323354358
Florida,9,7.6,0.2,2008,"21,538,187",9.322975978
Georgia,9,6.4,0.8,959,"10,711,908",8.95265344
Hawaii,9,15.1,2.6,128,"1,455,271",8.795612638
Idaho,9,6.1,1.9,114,"1,839,106",6.198663916
Illinois,9,10.2,-0.8,546,"12,812,508",4.261460754
Indiana,9,6.2,-0.2,411,"6,785,528",6.057008386
Iowa,9,4.7,-1.3,250,"3,190,369",7.836084165
Kansas,9,5.9,-1,230,"2,937,880",7.82877449
Kentucky,9,5.6,-2,294,"4,505,836",6.5248713
Louisiana,9,8.1,0.5,419,"4,657,757",8.995746236
Maine,9,6.1,-0.8,13,"1,362,359",0.95422719
Maryland,9,7.2,1.2,198,"6,177,224",3.205323297
Massachusetts,9,9.6,-1.7,101,"7,029,917",1.43671682
Michigan,9,8.5,-0.2,227,"10,077,331",2.252580569
Minnesota,9,6,-1.4,240,"5,706,494",4.20573473
Mississippi,9,7.1,-0.8,452,"2,961,279",15.26367492
Missouri,9,4.9,-2.1,667,"6,154,913",10.83687129
Montana,9,5.3,-0.3,93,"1,084,225",8.577555397
Nebraska,9,3.5,-0.5,115,"1,961,504",5.8628481
Nevada,9,12.6,-0.6,228,"3,104,614",7.343908132
New Hampshire,9,6,-0.5,0,"1,377,529",0
New Jersey,9,6.7,-4.2,143,"9,288,994",1.539456264
New Mexico,9,9.4,-1.9,53,"2,117,522",2.502925589
New York,9,9.7,-2.8,98,"20,201,249",0.485118519
North Carolina,9,7.3,0.8,898,"10,439,388",8.602036824
North Dakota,9,4.4,-0.6,117,"779,094",15.01744334
Ohio,9,8.4,-0.5,634,"11,799,448",5.373132709
Oklahoma,9,5.3,-0.4,351,"3,959,353",8.865084775
Oregon,9,8,0.3,84,"4,237,256",1.982415035
Pennsylvania,9,8.1,-2.2,416,"13,002,700",3.199335523
Rhode Island,9,10.5,-2.3,45,"1,097,379",4.100679893
South Carolina,9,5.1,-1.2,597,"5,118,425",11.66374422
South Dakota,9,4.1,-0.7,116,"886,667",13.08270185
Tennessee,9,6.3,-2.2,698,"6,910,840",10.10007467
Texas,9,8.3,1.5,2332,"29,145,505",8.001233809
Utah,9,5,0.9,77,"3,271,616",2.353576948
Vermont,9,4.2,-0.6,0,"643,077",0
Virginia,9,6.2,0.1,474,"8,631,393",5.491581718
Washington,9,7.8,-0.7,174,"7,705,281",2.258191492
West Virginia,9,8.6,-0.3,113,"1,793,716",6.299770978
Wisconsin,9,5.4,-0.8,218,"5,893,718",3.698853593
Wyoming,9,6.1,-0.5,12,"576,851",2.080259894
Alabama,10,5.8,-0.8,552,"5,024,279",10.98665102
Alaska,10,5.9,-1.3,32,"733,391",4.36329325
Arizona,10,8,1.3,258,"7,151,502",3.607633753
Arkansas,10,6.2,-1.1,626,"3,011,524",20.78681757
California,10,9.3,-1.7,1447,"39,538,223",3.659749706
Colorado,10,6.4,0,251,"5,773,714",4.347288418
Connecticut,10,6.1,-1.7,143,"3,605,944",3.965674453
Delaware,10,5.6,-2.6,79,"989,948",7.980217143
Florida,10,6.5,-1.1,1402,"21,538,187",6.509368685
Georgia,10,4.5,-1.9,768,"10,711,908",7.169591076
Hawaii,10,14.3,-0.8,71,"1,455,271",4.878816385
Idaho,10,5.5,-0.6,186,"1,839,106",10.11360955
Illinois,10,6.8,-3.4,1073,"12,812,508",8.374628917
Indiana,10,5,-1.2,877,"6,785,528",12.92456534
Iowa,10,3.6,-1.1,522,"3,190,369",16.36174374
Kansas,10,5.3,-0.6,418,"2,937,880",14.22794668
Kentucky,10,7.4,1.8,501,"4,505,836",11.11891334
Louisiana,10,9.4,1.3,341,"4,657,757",7.321120445
Maine,10,5.4,-0.7,10,"1,362,359",0.734020915
Maryland,10,7.8,0.6,245,"6,177,224",3.966182868
Massachusetts,10,7.4,-2.2,197,"7,029,917",2.802309046
Michigan,10,5.5,-3,584,"10,077,331",5.795185253
Minnesota,10,4.6,-1.4,494,"5,706,494",8.656803985
Mississippi,10,7.4,0.3,364,"2,961,279",12.291986
Missouri,10,4.6,-0.3,1097,"6,154,913",17.82316013
Montana,10,4.9,-0.4,279,"1,084,225",25.73266619
Nebraska,10,3,-0.5,281,"1,961,504",14.32574188
Nevada,10,12,-0.6,179,"3,104,614",5.765612086
New Hampshire,10,4.2,-1.8,42,"1,377,529",3.048937627
New Jersey,10,8.2,1.5,274,"9,288,994",2.949727387
New Mexico,10,8.1,-1.3,160,"2,117,522",7.556001779
New York,10,9.6,-0.1,148,"20,201,249",0.732627968
North Carolina,10,6.3,-1,788,"10,439,388",7.548335209
North Dakota,10,4.8,0.4,314,"779,094",40.303224
Ohio,10,5.6,-2.8,980,"11,799,448",8.305473273
Oklahoma,10,6.1,0.8,597,"3,959,353",15.07822111
Oregon,10,6.9,-1.1,129,"4,237,256",3.044423089
Pennsylvania,10,7.3,-0.8,720,"13,002,700",5.537311481
Rhode Island,10,7,-3.5,97,"1,097,379",8.839243324
South Carolina,10,4.2,-0.9,492,"5,118,425",9.612331919
South Dakota,10,3.6,-0.5,265,"886,667",29.88720681
Tennessee,10,7.4,1.1,960,"6,910,840",13.89122017
Texas,10,6.9,-1.4,2852,"29,145,505",9.785385431
Utah,10,4.1,-0.9,181,"3,271,616",5.532434124
Vermont,10,3.2,-1,0,"643,077",0
Virginia,10,5.3,-0.9,482,"8,631,393",5.584266642
Washington,10,6,-1.8,239,"7,705,281",3.101768774
West Virginia,10,6.4,-2.2,130,"1,793,716",7.247524134
Wisconsin,10,5.7,0.3,984,"5,893,718",16.69574282
Wyoming,10,5.5,-0.6,71,"576,851",12.30820437
Alabama,11,4.4,-1.4,754,"5,024,279",15.00712839
Alaska,11,8.1,2.2,69,"733,391",9.408351071
Arizona,11,7.8,-0.2,855,"7,151,502",11.95553046
Arkansas,11,6.2,0,844,"3,011,524",28.02567736
California,11,8.2,-1.1,2543,"39,538,223",6.431750865
Colorado,11,6.4,0,1117,"5,773,714",19.34629945
Connecticut,11,8.2,2.1,494,"3,605,944",13.69960266
Delaware,11,5.1,-0.5,82,"989,948",8.283263363
Florida,11,6.4,-0.1,1760,"21,538,187",8.171532729
Georgia,11,5.7,1.2,978,"10,711,908",9.130026135
Hawaii,11,10.1,-4.2,30,"1,455,271",2.061471712
Idaho,11,4.8,-0.7,387,"1,839,106",21.04283277
Illinois,11,6.9,0.1,3323,"12,812,508",25.93559356
Indiana,11,5,0,2003,"6,785,528",29.5187051
Iowa,11,3.6,0,1514,"3,190,369",47.4553257
Kansas,11,5.6,0.3,898,"2,937,880",30.56625866
Kentucky,11,5.6,-1.8,1037,"4,505,836",23.01459707
Louisiana,11,8.3,-1.1,481,"4,657,757",10.32685904
Maine,11,5,-0.4,87,"1,362,359",6.385981962
Maryland,11,6.8,-1,635,"6,177,224",10.27969845
Massachusetts,11,6.7,-0.7,476,"7,029,917",6.771061451
Michigan,11,6.9,1.4,2098,"10,077,331",20.81900456
Minnesota,11,4.4,-0.2,1473,"5,706,494",25.8126969
Mississippi,11,6.4,-1,578,"2,961,279",19.51859315
Missouri,11,4.4,-0.2,2036,"6,154,913",33.0792653
Montana,11,4.9,0,406,"1,084,225",37.44610205
Nebraska,11,3.1,0.1,798,"1,961,504",40.68306769
Nevada,11,10.1,-1.9,523,"3,104,614",16.84589453
New Hampshire,11,3.8,-0.4,70,"1,377,529",5.081562711
New Jersey,11,10.2,2,933,"9,288,994",10.04414472
New Mexico,11,7.5,-0.6,779,"2,117,522",36.78828366
New York,11,8.4,-1.2,288,"20,201,249",1.425654424
North Carolina,11,6.2,-0.1,788,"10,439,388",7.548335209
North Dakota,11,4.5,-0.3,557,"779,094",71.49329863
Ohio,11,5.7,0.1,3032,"11,799,448",25.69611731
Oklahoma,11,5.9,-0.2,1229,"3,959,353",31.04042504
Oregon,11,6,-0.9,313,"4,237,256",7.386856022
Pennsylvania,11,6.6,-0.7,2558,"13,002,700",19.67283718
Rhode Island,11,7.3,0.3,200,"1,097,379",18.22524397
South Carolina,11,4.4,0.2,424,"5,118,425",8.283798239
South Dakota,11,3.5,-0.1,699,"886,667",78.83455683
Tennessee,11,5.3,-2.1,1581,"6,910,840",22.87710322
Texas,11,8.1,1.2,5183,"29,145,505",17.78318818
Utah,11,4.3,0.2,408,"3,271,616",12.47090123
Vermont,11,3.1,-0.1,16,"643,077",2.48803798
Virginia,11,4.9,-0.4,734,"8,631,393",8.503841732
Washington,11,6,0,471,"7,705,281",6.112690764
West Virginia,11,6.2,-0.2,307,"1,793,716",17.11530699
Wisconsin,11,5,-0.7,2112,"5,893,718",35.83476508
Wyoming,11,5.1,-0.4,163,"576,851",28.25686356
Alabama,12,3.9,-0.5,1719,"5,024,279",34.21386432
Alaska,12,5.8,-2.3,92,"733,391",12.54446809
Arizona,12,8,0.2,2993,"7,151,502",41.85134815
Arkansas,12,4.2,-2,1124,"3,011,524",37.32329545
California,12,9,0.8,12866,"39,538,223",32.54066325
Colorado,12,8,1.6,1675,"5,773,714",29.01078924
Connecticut,12,8,-0.2,1061,"3,605,944",29.42364052
Delaware,12,5.3,0.2,256,"989,948",25.85994416
Florida,12,6.1,-0.3,3130,"21,538,187",14.53232809
Georgia,12,5.6,-0.1,1851,"10,711,908",17.27983474
Hawaii,12,9,-1.1,34,"1,455,271",2.336334607
Idaho,12,4.4,-0.4,448,"1,839,106",24.35966171
Illinois,12,7.6,0.7,4153,"12,812,508",32.4136383
Indiana,12,4,-1,2779,"6,785,528",40.95480853
Iowa,12,3.1,-0.5,1271,"3,190,369",39.83865189
Kansas,12,3.8,-1.8,1328,"2,937,880",45.20266314
Kentucky,12,6,0.4,1599,"4,505,836",35.48731023
Louisiana,12,7.2,-1.1,1007,"4,657,757",21.61984835
Maine,12,4.9,-0.1,204,"1,362,359",14.97402667
Maryland,12,6,-0.8,1509,"6,177,224",24.42844877
Massachusetts,12,7.4,0.7,1335,"7,029,917",18.99026688
Michigan,12,7.5,0.6,3191,"10,077,331",31.66513038
Minnesota,12,4,-0.4,1756,"5,706,494",30.7719591
Mississippi,12,6.2,-0.2,1104,"2,961,279",37.2811883
Missouri,12,5.8,1.4,2309,"6,154,913",37.51474635
Montana,12,4,-0.9,374,"1,084,225",34.49468514
Nebraska,12,3,-0.1,621,"1,961,504",31.65937974
Nevada,12,9.2,-0.9,1228,"3,104,614",39.55403152
New Hampshire,12,4,0.2,276,"1,377,529",20.03587583
New Jersey,12,7.6,-2.6,2370,"9,288,994",25.51406536
New Mexico,12,8.2,0.7,979,"2,117,522",46.23328589
New York,12,8,-0.4,955,"20,201,249",4.727430467
North Carolina,12,6.2,0,165,"10,439,388",1.580552423
North Dakota,12,4.1,-0.4,349,"779,094",44.79562158
Ohio,12,6,0.3,5943,"11,799,448",50.36676292
Oklahoma,12,5.3,-0.6,1967,"3,959,353",49.67983405
Oregon,12,6.4,0.4,542,"4,237,256",12.79129701
Pennsylvania,12,7,0.4,6498,"13,002,700",49.97423612
Rhode Island,12,8.1,0.8,510,"1,097,379",46.47437212
South Carolina,12,4.6,0.2,1054,"5,118,425",20.59227204
South Dakota,12,3,-0.5,427,"886,667",48.15787663
Tennessee,12,6.4,1.1,2660,"6,910,840",38.49025589
Texas,12,7.2,-0.9,7439,"29,145,505",25.52366137
Utah,12,4,-0.3,517,"3,271,616",15.80258808
Vermont,12,3.1,0,66,"643,077",10.26315667
Virginia,12,4.9,0,1533,"8,631,393",17.76074847
Washington,12,7,1,901,"7,705,281",11.69327893
West Virginia,12,6.3,0.1,749,"1,793,716",41.75688905
Wisconsin,12,5.5,0.5,1765,"5,893,718",29.94714033
Wyoming,12,5,-0.1,183,"576,851",31.72396338
